z,point_estimate,lower_ci,upper_ci
1.644854,0.290996146,0.260474933,0.332332986
1.959964,0.377150925,0.340915842,0.405648487
2.575829,0.556449336,0.504453615,0.576002514
3.290527,0.738275953,0.685958807,0.767176454
3.890592,0.850529435,0.812852517,0.874057027
