z,point_estimate,lower_ci,upper_ci
1.644854,0.290996146,0.262515866,0.333238261
1.959964,0.377150925,0.342949029,0.406728958
2.575829,0.556449336,0.506154497,0.576122269
3.290527,0.738275953,0.687486016,0.766560323
3.890592,0.850529435,0.813590774,0.873401836
