z,point_estimate,lower_ci,upper_ci
1.644854,0.299338411,0.234116031,0.340191396
1.959964,0.381140316,0.313921112,0.414945521
2.575829,0.55073811,0.479653111,0.578938783
3.290527,0.727474727,0.667505504,0.775197629
3.890592,0.84063753,0.796850629,0.882413955
