z,point_estimate,lower_ci,upper_ci
1.644854,0.291068449,0.265264851,0.331754226
1.959964,0.375879808,0.344997423,0.404963064
2.575829,0.553013328,0.507596758,0.574463373
3.290527,0.734975986,0.688027849,0.764243138
3.890592,0.848713625,0.814204275,0.871351152
