z,point_estimate,lower_ci,upper_ci
1.644854,0.344075959,0.272843643,0.355388816
1.959964,0.420422892,0.356242209,0.433234114
2.575829,0.576875143,0.523591168,0.593648015
3.290527,0.744765561,0.705046757,0.780924348
3.890592,0.854226813,0.827779107,0.884188462
