z,point_estimate,lower_ci,upper_ci
1.644854,0.317622398,0.2552125,0.337281615
1.959964,0.392673952,0.335443754,0.41143256
2.575829,0.55204732,0.498484786,0.574512696
3.290527,0.728189593,0.676772894,0.763565037
3.890592,0.843738373,0.800879467,0.871560518
