z,point_estimate,lower_ci,upper_ci
1.644854,0.281726099,0.189898511,0.326081705
1.959964,0.355594872,0.269504567,0.398154408
2.575829,0.525490595,0.445135149,0.580989357
3.290527,0.72635274,0.652613179,0.786398936
3.890592,0.855593846,0.798260728,0.895536202
